<?xml version="1.0"?><SMSQLCONFIG xmlns:xsd="http://www.w3.org/2001/XMLSchema" xmlns:xsi="http://www.w3.org/2001/XMLSchema-instance"><HOST_NAME>WINSQL</HOST_NAME><STORAGE_LAYOUT><MAX_DB_JOB>35</MAX_DB_JOB><SQL_INSTANCES><SQL_INSTANCE><SQL_INSTANCE_NAME>WINSQL</SQL_INSTANCE_NAME><SQL_INSTANCE_SNAPINFO_PATH>I:\SMSQL_SnapInfo</SQL_INSTANCE_SNAPINFO_PATH><ADD_MSISIC_DEPENDENCY>false</ADD_MSISIC_DEPENDENCY><DATABASES><DATABASE><DATABASE_NAME>Adventureworks</DATABASE_NAME><FILE_GROUPS><FILE_GROUP><GROUP_NAME>PRIMARY</GROUP_NAME><DATABASE_FILES><DATABASE_FILE><FILE_NAME>Adventureworks</FILE_NAME><FILE_PATH>G:\Adventureworks.mdf</FILE_PATH></DATABASE_FILE></DATABASE_FILES></FILE_GROUP></FILE_GROUPS><LOG_FILES><LOG_FILE><FILE_NAME>Adventureworks_log</FILE_NAME><FILE_PATH>H:\Adventureworks_log.ldf</FILE_PATH></LOG_FILE></LOG_FILES><DB_VOLUMES><DB_VOLUME><FILER_NAME>aztestdrive142</FILER_NAME><VOLUME_NAME>sql_data</VOLUME_NAME></DB_VOLUME><DB_VOLUME><FILER_NAME>aztestdrive142</FILER_NAME><VOLUME_NAME>sql_log</VOLUME_NAME></DB_VOLUME></DB_VOLUMES><SNAPMIRROR_STATUS>SNAPMIRROR_OFF</SNAPMIRROR_STATUS></DATABASE><DATABASE><DATABASE_NAME>AdventureWorks_clone5</DATABASE_NAME><FILE_GROUPS><FILE_GROUP><GROUP_NAME>PRIMARY</GROUP_NAME><DATABASE_FILES><DATABASE_FILE><FILE_NAME>Adventureworks</FILE_NAME><FILE_PATH>C:\SMSQLMnPt\MPDisk001\Adventureworks.mdf</FILE_PATH></DATABASE_FILE></DATABASE_FILES></FILE_GROUP></FILE_GROUPS><LOG_FILES><LOG_FILE><FILE_NAME>Adventureworks_log</FILE_NAME><FILE_PATH>C:\SMSQLMnPt\MPDisk002\Adventureworks_log.ldf</FILE_PATH></LOG_FILE></LOG_FILES><DB_VOLUMES><DB_VOLUME><FILER_NAME>aztestdrive142</FILER_NAME><VOLUME_NAME>sdw_cl_sql_data_0</VOLUME_NAME></DB_VOLUME></DB_VOLUMES><SNAPMIRROR_STATUS>SNAPMIRROR_OFF</SNAPMIRROR_STATUS></DATABASE><DATABASE><DATABASE_NAME>AdventureWorks_clone6</DATABASE_NAME><FILE_GROUPS><FILE_GROUP><GROUP_NAME>PRIMARY</GROUP_NAME><DATABASE_FILES><DATABASE_FILE><FILE_NAME>Adventureworks</FILE_NAME><FILE_PATH>C:\SMSQLMnPt\MPDisk003\Adventureworks.mdf</FILE_PATH></DATABASE_FILE></DATABASE_FILES></FILE_GROUP></FILE_GROUPS><LOG_FILES><LOG_FILE><FILE_NAME>Adventureworks_log</FILE_NAME><FILE_PATH>C:\SMSQLMnPt\MPDisk004\Adventureworks_log.ldf</FILE_PATH></LOG_FILE></LOG_FILES><DB_VOLUMES><DB_VOLUME><FILER_NAME>aztestdrive142</FILER_NAME><VOLUME_NAME>sdw_cl_sql_data_1</VOLUME_NAME></DB_VOLUME></DB_VOLUMES><SNAPMIRROR_STATUS>SNAPMIRROR_OFF</SNAPMIRROR_STATUS></DATABASE><DATABASE><DATABASE_NAME>AdventureWorks_clone7</DATABASE_NAME><FILE_GROUPS><FILE_GROUP><GROUP_NAME>PRIMARY</GROUP_NAME><DATABASE_FILES><DATABASE_FILE><FILE_NAME>Adventureworks</FILE_NAME><FILE_PATH>C:\SMSQLMnPt\MPDisk005\Adventureworks.mdf</FILE_PATH></DATABASE_FILE></DATABASE_FILES></FILE_GROUP></FILE_GROUPS><LOG_FILES><LOG_FILE><FILE_NAME>Adventureworks_log</FILE_NAME><FILE_PATH>C:\SMSQLMnPt\MPDisk006\Adventureworks_log.ldf</FILE_PATH></LOG_FILE></LOG_FILES><DB_VOLUMES><DB_VOLUME><FILER_NAME>aztestdrive142</FILER_NAME><VOLUME_NAME>sdw_cl_sql_data_2</VOLUME_NAME></DB_VOLUME></DB_VOLUMES><SNAPMIRROR_STATUS>SNAPMIRROR_OFF</SNAPMIRROR_STATUS></DATABASE><DATABASE><DATABASE_NAME>master</DATABASE_NAME><FILE_GROUPS><FILE_GROUP><GROUP_NAME>PRIMARY</GROUP_NAME><DATABASE_FILES><DATABASE_FILE><FILE_NAME>master</FILE_NAME><FILE_PATH>C:\Program Files\Microsoft SQL Server\MSSQL12.MSSQLSERVER\MSSQL\DATA\master.mdf</FILE_PATH></DATABASE_FILE></DATABASE_FILES></FILE_GROUP></FILE_GROUPS><LOG_FILES><LOG_FILE><FILE_NAME>mastlog</FILE_NAME><FILE_PATH>C:\Program Files\Microsoft SQL Server\MSSQL12.MSSQLSERVER\MSSQL\DATA\mastlog.ldf</FILE_PATH></LOG_FILE></LOG_FILES><SNAPMIRROR_STATUS>SNAPMIRROR_OFF</SNAPMIRROR_STATUS></DATABASE><DATABASE><DATABASE_NAME>model</DATABASE_NAME><FILE_GROUPS><FILE_GROUP><GROUP_NAME>PRIMARY</GROUP_NAME><DATABASE_FILES><DATABASE_FILE><FILE_NAME>modeldev</FILE_NAME><FILE_PATH>C:\Program Files\Microsoft SQL Server\MSSQL12.MSSQLSERVER\MSSQL\DATA\model.mdf</FILE_PATH></DATABASE_FILE></DATABASE_FILES></FILE_GROUP></FILE_GROUPS><LOG_FILES><LOG_FILE><FILE_NAME>modellog</FILE_NAME><FILE_PATH>C:\Program Files\Microsoft SQL Server\MSSQL12.MSSQLSERVER\MSSQL\DATA\modellog.ldf</FILE_PATH></LOG_FILE></LOG_FILES><SNAPMIRROR_STATUS>SNAPMIRROR_OFF</SNAPMIRROR_STATUS></DATABASE><DATABASE><DATABASE_NAME>msdb</DATABASE_NAME><FILE_GROUPS><FILE_GROUP><GROUP_NAME>PRIMARY</GROUP_NAME><DATABASE_FILES><DATABASE_FILE><FILE_NAME>MSDBData</FILE_NAME><FILE_PATH>C:\Program Files\Microsoft SQL Server\MSSQL12.MSSQLSERVER\MSSQL\DATA\MSDBData.mdf</FILE_PATH></DATABASE_FILE></DATABASE_FILES></FILE_GROUP></FILE_GROUPS><LOG_FILES><LOG_FILE><FILE_NAME>MSDBLog</FILE_NAME><FILE_PATH>C:\Program Files\Microsoft SQL Server\MSSQL12.MSSQLSERVER\MSSQL\DATA\MSDBLog.ldf</FILE_PATH></LOG_FILE></LOG_FILES><SNAPMIRROR_STATUS>SNAPMIRROR_OFF</SNAPMIRROR_STATUS></DATABASE><DATABASE><DATABASE_NAME>tempdb</DATABASE_NAME><FILE_GROUPS><FILE_GROUP><GROUP_NAME>PRIMARY</GROUP_NAME><DATABASE_FILES><DATABASE_FILE><FILE_NAME>tempdev</FILE_NAME><FILE_PATH>C:\Program Files\Microsoft SQL Server\MSSQL12.MSSQLSERVER\MSSQL\DATA\tempdb.mdf</FILE_PATH></DATABASE_FILE></DATABASE_FILES></FILE_GROUP></FILE_GROUPS><LOG_FILES><LOG_FILE><FILE_NAME>templog</FILE_NAME><FILE_PATH>C:\Program Files\Microsoft SQL Server\MSSQL12.MSSQLSERVER\MSSQL\DATA\templog.ldf</FILE_PATH></LOG_FILE></LOG_FILES><SNAPMIRROR_STATUS>SNAPMIRROR_OFF</SNAPMIRROR_STATUS></DATABASE><DATABASE><DATABASE_NAME>test</DATABASE_NAME><FILE_GROUPS><FILE_GROUP><GROUP_NAME>PRIMARY</GROUP_NAME><DATABASE_FILES><DATABASE_FILE><FILE_NAME>test</FILE_NAME><FILE_PATH>F:\test.mdf</FILE_PATH></DATABASE_FILE></DATABASE_FILES></FILE_GROUP></FILE_GROUPS><LOG_FILES><LOG_FILE><FILE_NAME>test_log</FILE_NAME><FILE_PATH>F:\test_log.ldf</FILE_PATH></LOG_FILE></LOG_FILES><DB_VOLUMES><DB_VOLUME><FILER_NAME>aztestdrive142</FILER_NAME><VOLUME_NAME>test_vol</VOLUME_NAME></DB_VOLUME></DB_VOLUMES><SNAPMIRROR_STATUS>SNAPMIRROR_OFF</SNAPMIRROR_STATUS></DATABASE></DATABASES></SQL_INSTANCE></SQL_INSTANCES></STORAGE_LAYOUT><COMMON_SETTINGS><NOTIFICATION><SEND_EMAIL_NOTIFICATION><FROM>SMSQLAutoSender</FROM><SUBJECT>SnapManager for SQL Server</SUBJECT><NOTIFY_AUTO>false</NOTIFY_AUTO><LONG_MSG>false</LONG_MSG><AS_ATTACHMENT>false</AS_ATTACHMENT><SEND_ON_FAILURE>false</SEND_ON_FAILURE></SEND_EMAIL_NOTIFICATION><EMS_ENABLED>true</EMS_ENABLED><ASUP_ENABLED>true</ASUP_ENABLED><ASUP_ON_FAIL>true</ASUP_ON_FAIL></NOTIFICATION><VERIFICATION><VERIFICATION_CLIENT_SETTING><VERIFICATION_SERVER>WINSQL</VERIFICATION_SERVER><VER_SERVER_NTAUTH>true</VER_SERVER_NTAUTH><VER_DBCC_NOINDEX>false</VER_DBCC_NOINDEX><VER_DBCC_ALL_ERROR_MSG>false</VER_DBCC_ALL_ERROR_MSG><VER_DBCC_NO_INFO_MSGS>true</VER_DBCC_NO_INFO_MSGS><VER_DBCC_TABLOCK>false</VER_DBCC_TABLOCK><VER_DBCC_PHYSICAL_ONLY>true</VER_DBCC_PHYSICAL_ONLY><VER_DBCC_ATTACH_DB>false</VER_DBCC_ATTACH_DB><VER_DBCC_BEFORE_MIGRATION>true</VER_DBCC_BEFORE_MIGRATION><VER_DBCC_AFTER_MIGRATION>false</VER_DBCC_AFTER_MIGRATION><VER_DELETE_DB_FILE_ORIG>true</VER_DELETE_DB_FILE_ORIG><VER_RUN_UPDATE_STATISTICS>true</VER_RUN_UPDATE_STATISTICS></VERIFICATION_CLIENT_SETTING><VERIFICATION_SERVER_SETTING><AUTO_DRIVELETTER>false</AUTO_DRIVELETTER><MP_DIR>C:\SMSQLMnPt</MP_DIR></VERIFICATION_SERVER_SETTING></VERIFICATION><REPORT_DIRECTORY>C:\Program Files\NetApp\SnapManager for SQL Server\Report</REPORT_DIRECTORY><MONITORING><REPORT_BACKUP>false</REPORT_BACKUP><REPORT_VERIFICATION>false</REPORT_VERIFICATION><REPORT_CLONE>false</REPORT_CLONE><INTERVAL_HOURS>24</INTERVAL_HOURS><REPORT_CLOCK>4:00 AM</REPORT_CLOCK></MONITORING><BACKUP><BACKUP_CLIENT_SETTING><NAMING_CONVENTION>0</NAMING_CONVENTION><NAMING_CONVENTION_ADVANCED>0</NAMING_CONVENTION_ADVANCED><BACKUP_SET_TO_KEEP>0</BACKUP_SET_TO_KEEP><BACKUP_SET_TO_KEEP_IN_DAYS>0</BACKUP_SET_TO_KEEP_IN_DAYS><LOG_BACKUP_SET_TO_KEEP>0</LOG_BACKUP_SET_TO_KEEP><LOG_BACKUP_SET_TO_KEEP_IN_DAYS>0</LOG_BACKUP_SET_TO_KEEP_IN_DAYS><DELETE_BACKUPS_OPTION>0</DELETE_BACKUPS_OPTION><DELETE_LOG_BACKUPS_OPTION>0</DELETE_LOG_BACKUPS_OPTION><BACKUP_SET_TO_VERIFY>0</BACKUP_SET_TO_VERIFY><BACKUP_SET_TO_KEEP_UTM>8</BACKUP_SET_TO_KEEP_UTM><BACKUP_SET_TO_KEEP_IN_DAYS_UTM /><DELETE_BACKUPS_OPTION_UTM>0</DELETE_BACKUPS_OPTION_UTM></BACKUP_CLIENT_SETTING></BACKUP></COMMON_SETTINGS></SMSQLCONFIG>
